{
  "hash": "afb7b1c0",
  "configHash": "2a46eacd",
  "lockfileHash": "e3552e99",
  "browserHash": "50913c01",
  "optimized": {
    "@angular/core": {
      "src": "../../../../../../node_modules/@angular/core/fesm2022/core.mjs",
      "file": "@angular_core.js",
      "fileHash": "6b308fa9",
      "needsInterop": false
    },
    "@angular/platform-browser": {
      "src": "../../../../../../node_modules/@angular/platform-browser/fesm2022/platform-browser.mjs",
      "file": "@angular_platform-browser.js",
      "fileHash": "cc6fcf06",
      "needsInterop": false
    },
    "@angular/router": {
      "src": "../../../../../../node_modules/@angular/router/fesm2022/router.mjs",
      "file": "@angular_router.js",
      "fileHash": "42133fc6",
      "needsInterop": false
    },
    "@angular/common/http": {
      "src": "../../../../../../node_modules/@angular/common/fesm2022/http.mjs",
      "file": "@angular_common_http.js",
      "fileHash": "f0018abf",
      "needsInterop": false
    },
    "@angular/common": {
      "src": "../../../../../../node_modules/@angular/common/fesm2022/common.mjs",
      "file": "@angular_common.js",
      "fileHash": "2f1ee2cc",
      "needsInterop": false
    },
    "@angular/forms": {
      "src": "../../../../../../node_modules/@angular/forms/fesm2022/forms.mjs",
      "file": "@angular_forms.js",
      "fileHash": "20b3b70f",
      "needsInterop": false
    }
  },
  "chunks": {
    "chunk-HAVN6EWS": {
      "file": "chunk-HAVN6EWS.js"
    },
    "chunk-GDPJ4OBD": {
      "file": "chunk-GDPJ4OBD.js"
    },
    "chunk-RMLN52P2": {
      "file": "chunk-RMLN52P2.js"
    },
    "chunk-ZTNQHJPU": {
      "file": "chunk-ZTNQHJPU.js"
    },
    "chunk-MHQIP2VU": {
      "file": "chunk-MHQIP2VU.js"
    }
  }
}